{
  "name": "Dev Jain",
  "type": "personal",
  "bio": "I am Dev, a sophomore and pursuing my bachelor's in Computer Science from MITS gwalior. I am interested in web technologies and im an open source enthusiast. I am open to collaborate to projects and innovative/creative ideas.",
  "avatar": "https://github.com/889-dj.png",
  "links": [
    {
      "name": "Follow me on GitHub",
      "url": "https://github.com/889-dj",
      "icon": "github"
    },
    {
      "name": "Follow me on Twitter",
      "url": "https://twitter.com/Devjtwt786",
      "icon": "twitter"
    }
  ]
}
