{
  "name": "Amit Khatri",
  "type": "personal",
  "bio": "Passionate Software Developer from Iɴᴅɪᴀ | Web Development | Open Source Enthusiast",
  "avatar": "https://github.com/aamita96.png",
  "links": [
    {
      "name": "Follow me on GitHub",
      "url": "https://github.com/aamita96",
      "icon": "github"
    },
    {
      "name": "Follow me on LinkedIn",
      "url": "https://www.linkedin.com/in/amit-khatri-193ab9125/",
      "icon": "linkedin"
    },
    {
      "name": "Follow me on Instagram",
      "url": "https://www.instagram.com/amit_k96/",
      "icon": "instagram"
    }
  ]
}
