{
  "name": "Abdus Salam",
  "type": "personal",
  "bio": "Hi there!, I am Python Developer and doing my best to contribute to open source. I'm not limited to Python only, I can do more fun things (it's a long list)! Connect with me and find out😉",
  "avatar": "https://github.com/abdussalam02.png",
  "links": [
    {
      "name": "Check out my personal website",
      "url": "https://abdussalam.vercel.app",
      "icon": "globe"
    },
    {
      "name": "Take a look at my GitHub",
      "url": "https://github.com/abdussalam02",
      "icon": "github"
    },
    {
      "name": "I'm on Telegram most of the time",
      "url": "https://t.me/aladdin_02",
      "icon": "telegram"
    },
    {
      "name": "See my awesome tweets on Twitter",
      "url": "https://twitter.com/abdussalam_02",
      "icon": "twitter"
    },
    {
      "name": "Connect with me on LinkedIn",
      "url": "https://linkedin.com/in/abdus-salam-06278a217/",
      "icon": "linkedin"
    }
  ],
  "milestones": [
    {
      "title": "Started Tech Journey",
      "date": "January 2018",
      "icon": "books",
      "color": "grey",
      "description": "Started my Tech Journey at 16 and then left it for a year, but now I won't without making a mark"
    }
  ]
}
