{
  "name": "Abhishek Yadav",
  "type": "personal",
  "bio": "Backend Enthusiast and keen about Web Development | Open Source Contributor",
  "avatar": "https://github.com/abhishekY2401.png",
  "links": [
    {
      "name": "Follow me on Github",
      "url": "https://github.com/abhishekY2401",
      "icon": "github"
    },
    {
      "name": "Connect with me on Linkedin",
      "url": "https://www.linkedin.com/in/abhishek-yadav-1a1808205",
      "icon": "linkedin"
    },
    {
      "name": "Follow me on Twitter",
      "url": "https://twitter.com/AbhiY2852",
      "icon": "twitter"
    }
  ]
}
