{
  "name": "Abhishek G",
  "type": "personal",
  "bio": "Tech Enthusiast",
  "avatar": "https://github.com/abhishekgite446.png",
  "links": [
    {
      "name": "Follow me on GitHub",
      "url": "https://github.com/abhishekgite446",
      "icon": "github"
    },
    {
      "name": "Follow me on Twitter",
      "url": "https://twitter.com/MysticLondoner",
      "icon": "twitter"
    },
    {
      "name": "Visit my profile website",
      "url": "https://www.abhishekgite.com",
      "icon": "website"
    },
    {
      "name": "Follow me on LinkedIn",
      "url": "https://www.linkedin.com/in/abhishek-gite-345a0212/",
      "icon": "linkedin"
    }
  ]
}
