{
  "name": "Abhinav Dubey",
  "type": "personal",
  "bio": "Full stack developer || Passionate Engineer",
  "avatar": "https://github.com/abhinavdubeyad9.png",
  "links": [
    {
      "name": "Follow me on GitHub",
      "url": "https://github.com/abhinavdubeyad9",
      "icon": "github"
    },
    {
      "name": "Follow me on Twitter",
      "url": "https://twitter.com/hey_ad9",
      "icon": "twitter"
    },
    {
      "name": "Connect with me on LinkedIn",
      "url": "https://linkedin.com/in/abhinavdubeyad9",
      "icon": "linkedin"
    }
  ]
}
