{
  "name": "Aditya Narayan Nayak",
  "type": "personal",
  "bio": "Open Source Enthusiast!",
  "avatar": "https://github.com/Aditya-Narayan-Nayak.png",
  "links": [
    {
      "name": "Follow me on GitHub",
      "url": "https://github.com/Aditya-Narayan-Nayak",
      "icon": "github"
    },
    {
      "name": "Follow me on Twitter",
      "url": "https://twitter.com/AdityaN71677515",
      "icon": "twitter"
    }
  ],
  "milestones": [
    {
      "title": "Getting Started into IT Field",
      "date": "July 2020",
      "icon": "YouTube",
      "color": "red",
      "description": "Started learning Python From Udemy"
    }
  ]
}
