{
  "name": "Alwaz Qazi",
  "type": "personal",
  "bio": "Senior Software Engineer undergrad | Open Source contributor | Programming blogger | MERN stack enthusiats",
  "avatar": "https://github.com/Alwaz.png",
  "links": [
    {
      "name": "Follow me on GitHub",
      "url": "https://github.com/Alwaz",
      "icon": "github"
    },
    {
      "name": "Connect with me on LinkedIn",
      "url": "https://www.linkedin.com/in/alwaz-qazi/",
      "icon": "linkedin"
    },
    {
      "name": "Follow me on Medium for tech savy blogs",
      "url": "https://medium.com/@alwazkazi3",
      "icon": "medium"
    }
  ]
}
