{
  "name": "Amelia Hill",
  "type": "personal",
  "bio": "Frontend Web Developer | CS Student",
  "avatar": "https://github.com/amehi0index.png",
  "links": [
    {
      "name": "See my Portfolio",
      "url": "https://www.ameliahill.me",
      "icon": "link"
    },
    {
      "name": "Follow me on GitHub",
      "url": "https://github.com/amehi0index",
      "icon": "github"
    },
    {
      "name": "Follow me on Twitter",
      "url": "https://twitter.com/amehi0index",
      "icon": "twitter"
    },
    {
      "name": "Follow me on LinkedIn",
      "url": "https://www.linkedin.com/in/amelia-hill-1648a6227/",
      "icon": "linkedin"
    }
  ]
}
