{
  "name": "Anshumaan Kumar Prasad",
  "type": "personal",
  "bio": "Junior at Information Technology & Services",
  "avatar": "https://github.com/amino19.png",
  "links": [
    {
      "name": "Check out my portfolio",
      "url": "https://amino19.github.io/online-resume",
      "icon": "globe"
    },
    {
      "name": "Connect with me on LinkedIn",
      "url": "https://www.linkedin.com/in/anshumaankumarprasad",
      "icon": "linkedin"
    },
    {
      "name": "Check out my GitHub",
      "url": "https://github.com/amino19",
      "icon": "github"
    },
    {
      "name": "Read my blog",
      "url": "https://amino19.medium.com/",
      "icon": "book"
    },
    {
      "name": "Follow me on Instagram",
      "url": "https://www.instagram.com/anshumaankumarprasad/",
      "icon": "instagram"
    },
    {
      "name": "Follow me on Twitter",
      "url": "https://twitter.com/aminostwt",
      "icon": "twitter"
    }
  ]
}
