{
  "name": "Amr Monier",
  "type": "personal",
  "bio": "Backend Developer, JS enthusiast, and a learning JUNKY 😁",
  "avatar": "https://github.com/AmrMonier.png",
  "links": [
    {
      "name": "Follow me on GitHub",
      "url": "https://github.com/AmrMonier",
      "icon": "github"
    },
    {
      "name": "Follow me on Twitter",
      "url": "https://twitter.com/amr_monier",
      "icon": "twitter"
    },
    {
      "name": "Connect with me on LinkedIn",
      "url": "https://www.linkedin.com/in/amr-monier-184b4b168/",
      "icon": "linkedin"
    }
  ],
  "milestones": [
    {
      "title": "Joined Ain Shams University",
      "date": "2016",
      "icon": "Book",
      "color": "black",
      "description": "Joined the Computer Science Program in Faculty of Science, Ain Shams Uni."
    },
    {
      "title": "Started Learning web development",
      "date": " 2018",
      "color": "red",
      "description": "First time i heared about web development and started learning the basics HTML, CSS, and JS"
    },
    {
      "title": "My CS Degree",
      "date": "2020",
      "icon": "globe",
      "color": "green",
      "description": "Graduated from The Computer Science Program with 3.06 GPA"
    },
    {
      "title": "joined Egyptian Military",
      "date": "November 2020",
      "color": "grey",
      "description": "started the compulsory military service for a year where worked as a PL/SQL developer. lucky me i have been a technical solider."
    },
    {
      "title": "Finished my Military Service",
      "date": "December 2021",
      "color": "green",
      "description": "the  first of December 2021 the day i finished my military service"
    },
    {
      "title": "Looking for opportunities as a Backend Web Developer",
      "date": "present",
      "color": "green",
      "description": "Currently, I'm building side-projects and looking for a job as a Backend Developer"
    }
  ]
}
