{
  "name": "Anass Bouchfar",
  "type": "personal",
  "bio": "Web Developer, BI & Analytics Engineer Student",
  "avatar": "https://github.com/anassbouchfar.png",
  "links": [
    {
      "name": "Checkout my GitHub",
      "url": "https://github.com/anassbouchfar",
      "icon": "github"
    },
    {
      "name": "Follow me on Twitter",
      "url": "https://twitter.com/anassbouchfar2",
      "icon": "twitter"
    },
    {
      "name": "Read my Blog",
      "url": "https://medium.com/@anass.bouchfar22",
      "icon": "book"
    },
    {
      "name": "Visit my Website",
      "url": "https://anassbouchfar.me",
      "icon": "globe"
    },
    {
      "name": "Contact me via E-mail",
      "url": "mailto:anass.bouchfar22@gmail.com",
      "icon": "envelope"
    }
  ]
}
