{
  "name": "Aniruddha Inge",
  "type": "personal",
  "bio": "Open Source Enthusiast!",
  "avatar": "https://github.com/Aniruddha-Inge.png",
  "links": [
    {
      "name": "Follow me on GitHub",
      "url": "https://github.com/Aniruddha-Inge",
      "icon": "github"
    },
    {
      "name": "Follow me on Twitter",
      "url": "https://twitter.com/AniruddhaInge",
      "icon": "twitter"
    },
    {
      "name": "Subscribe to my YouTube channel",
      "url": "https://www.youtube.com/channel/UCq6ajxHbIs4ldDRPU4w3Ong",
      "icon": "youtube"
    },
    {
      "name": "Follow me on LinkedIn",
      "url": "https://linkedin.com/in/aniruddhainge",
      "icon": "linkedin"
    }
  ],
  "milestones": [
    {
      "title": "Started Contributing in Open Source",
      "date": "December 2021",
      "icon": "dollar",
      "color": "grey",
      "description": "Started my Open Source journey with EddieHub!"
    }
  ]
}
