{
  "name": "Anish De",
  "type": "personal",
  "bio": "14 • Tech Enthusiast • Tech YouTuber • Blogs about Development • Developer",
  "avatar": "https://github.com/AnishDe12020.png",
  "links": [
    {
      "name": "Follow me on GitHub",
      "url": "https://github.com/AnishDe12020",
      "icon": "github"
    },
    {
      "name": "Follow me on Twitter",
      "url": "https://twitter.com/AnishDe12020",
      "icon": "twitter"
    },
    {
      "name": "Subscribe to my YouTube channel",
      "url": "https://www.youtube.com/anishtechtutorials",
      "icon": "youtube"
    }
  ]
}
