{
  "name": "Anubhav Gupta",
  "type": "personal",
  "bio": "Open Source and Tech Enthusiast",
  "avatar": "https://github.com/Anubhavdevv.png",
  "links": [
    {
      "name": "Follow me on GitHub",
      "url": "https://github.com/Anubhavdevv",
      "icon": "github"
    },
    {
      "name": "Follow me on Twitter",
      "url": "https://twitter.com/Anubhav43591222",
      "icon": "twitter"
    },
    {
      "name": "Subscribe my YouTube channel",
      "url": "https://www.youtube.com/channel/UC4kiE6cKOQsjT5HgMu4c39w",
      "icon": "youtube"
    },
    {
      "name": "Follow me on LinkedIn",
      "url": "https://www.linkedin.com/in/anubhavdev/",
      "icon": "linkedin"
    }
  ]
}
