{
  "name": "Anurag",
  "type": "personal",
  "bio": "Teen | Front-end Developer | Student",
  "avatar": "https://github.com/kr-anurag.png",
  "links": [
    {
      "name": "Check out my Projects on GitHub",
      "url": "https://github.com/kr-anurag",
      "icon": "github"
    },
    {
      "name": "Connect with me on Twitter",
      "url": "https://twitter.com/kr_anurag_",
      "icon": "twitter"
    },
    {
      "name": "Join my Discord community",
      "url": "https://discord.gg/MqsS6axMrZ",
      "icon": "discord"
    }
  ]
}
