{
  "name": "App-Choreography",
  "type": "community",
  "bio": "Choreograph you next app | ᴄᴏɴᴛʀɪʙᴜᴛᴇ, ᴀɴᴅ ɢᴇᴛ ᴀɴ ɪɴᴠɪᴛᴇ ᴛᴏ ʙᴇᴄᴏᴍᴇ ᴀ ᴍᴇᴍʙᴇʀ! 🏆",
  "avatar": "https://github.com/App-Choreography.png",
  "links": [
    {
      "name": "Check out our website 🌐",
      "url": "https://app-choreography.github.io",
      "icon": "globe"
    },
    {
      "name": "Contact us here for questions 🙋‍♂️🙋‍♀️",
      "url": "https://github.com/App-Choreography/Support/issues/new/choose",
      "icon": "envelope"
    },
    {
      "name": "Join the Organisation",
      "url": "https://github.com/App-Choreography/Get-An-Invite",
      "icon": "link"
    },
    {
      "name": "Check out our GitHub profile",
      "url": "https://github.com/App-Choreography",
      "icon": "github"
    }
  ],
  "milestones": [
    {
      "title": "Founded App-Choreography",
      "date": "26th July 2021",
      "color": "grey",
      "description": "We had the awesome idea, to create and bring an open source org, inspiration from EddieHub Community!"
    },
    {
      "title": "Created a website!",
      "date": "29th October 2021",
      "color": "red",
      "description": "Made our website for the community!",
      "url": "https://app-choreography.github.io/"
    }
  ]
}
