{
  "name": "Brian Nduhiu",
  "bio": "Backend Instructor Alida School",
  "avatar": "https://github.com/brian-nduhiu.png",
  "links": [
    {
      "name": "Follow me on GitHub",
      "url": "https://github.com/brian-nduhiu",
      "icon": "github"
    },
    {
      "name": "Follow me on Twitter",
      "url": "https://twitter.com/BrianNduhiu",
      "icon": "twitter"
    },
    {
      "name": "Follow me on LinkedIn",
      "url": "https://www.linkedin.com/in/brian-nduhiu-358b07121/",
      "icon": "linkedin"
    }
  ]
}
