{
  "name": "Chaitanya Sawant",
  "type": "personal",
  "bio": "Full Stack Developer & Open Source Enthusiast",
  "avatar": "https://github.com/chaitanya-24.png",
  "links": [
    {
      "name": "Follow me on Twitter",
      "url": "https://twitter.com/ChaitanyaS__",
      "icon": "twitter"
    },
    {
      "name": "Connect with me on LinkedIn",
      "url": "https://www.linkedin.com/in/chaitanya-sawant-691799187/",
      "icon": "linkedin"
    },
    {
      "name": "Check out my GitHub",
      "url": "https://github.com/chaitanya-24",
      "icon": "github"
    }
  ]
}
