{
  "name": "Chirag Agrawal",
  "type": "personal",
  "bio": "MLSA, Web Developer, Open Source and Communities",
  "avatar": "https://github.com/chiragagrawal9200.png",
  "links": [
    {
      "name": "Follow me on GitHub",
      "url": "https://github.com/chiragagrawal9200",
      "icon": "github"
    },
    {
      "name": "Follow me on Twitter",
      "url": "https://twitter.com/Chiragagrwal7",
      "icon": "twitter"
    },
    {
      "name": "Follow me on Linkedin",
      "url": "https://www.linkedin.com/in/chirag-agrawal9200/",
      "icon": "linkedin"
    }
  ]
}
