{
  "name": "Tara Choudhary",
  "bio": "I'm passionate and enthusiast about exploring new things and web development",
  "avatar": "https://github.com/ChoudharyTara.png",
  "links": [
    {
      "name": "Follow me on GitHub",
      "url": "https://github.com/ChoudharyTara",
      "icon": "github"
    },
    {
      "name": "Connect with me on LinkedIn",
      "url": "https://www.linkedin.com/in/tara-choudhary-257156219",
      "icon": "linkedin"
    },
    {
      "name": "Follow me on Twitter",
      "url": "https://twitter.com/ChoudhariTara",
      "icon": "twitter"
    },
    {
      "name": "Reach out to me via email",
      "url": "mailto:choudharytara0208@gmail.com",
      "icon": "envelope"
    }
  ]
}
