{
  "name": "CodingSpecies",
  "type": "personal",
  "bio": "Making Apps using React.js | Working on web and software engineering 👩‍💻 | Maintaining my organisation, App-Choreography 📛",
  "avatar": "https://github.com/CodingSpecies.png",
  "links": [
    {
      "name": "Follow me on GitHub",
      "url": "https://github.com/CodingSpecies",
      "icon": "github"
    },
    {
      "name": "Check out my website 🌐",
      "url": "https://codingspecies.github.io/MeAndMyApps/",
      "icon": "link"
    }
  ]
}
