{
  "name": "Sagnik Sahoo",
  "type": "personal",
  "bio": "Open Source Enthusiast!",
  "avatar": "https://github.com/devgossips.png",
  "links": [
    {
      "name": "Follow me on GitHub",
      "url": "https://github.com/devgossips",
      "icon": "github"
    },
    {
      "name": "Follow me on Twitter",
      "url": "https://twitter.com/heysagnik",
      "icon": "twitter"
    }
  ],
  "milestones": [
    {
      "title": "Started Contributed to Open-Source",
      "date": "December 2021",
      "icon": "dollar",
      "color": "grey",
      "description": "❤️ Open Source"
    }
  ]
}
