{
  "name": "Digambar Tupurwadi",
  "type": "personal",
  "bio": "Blockchain Enthusiast | Open Source Enthusiast | Web Developer",
  "avatar": "https://media-exp1.licdn.com/dms/image/C4E03AQEwzgCtHyy8Eg/profile-displayphoto-shrink_200_200/0/1641227540775?e=1646870400&v=beta&t=FhmvZGbngLNA1j1k5CKDBISB_mxbntE9UJYG1bvrv60",
  "links": [
    {
      "name": "Follow me on GitHub",
      "url": "https://github.com/digambar-t7",
      "icon": "github"
    },
    {
      "name": "Connect with me on Twitter",
      "url": "https://twitter.com/DTupurwadi",
      "icon": "twitter"
    },
    {
      "name": "Connect with me on LinkedIn",
      "url": "https://www.linkedin.com/in/digambar-tupurwadi-6ba551219/",
      "icon": "linkedin"
    },
    {
      "name": "Follow me on Instagram",
      "url": "https://www.instagram.com/digambar_t7/",
      "icon": "instagram"
    }
  ]
}
