{
  "name": "Doni Wirawan",
  "type": "personal",
  "bio": "Web Developer || CS Student || 19",
  "avatar": "https://github.com/doniwirawan.png",
  "links": [
    {
      "name": "Follow me on GitHub",
      "url": "https://github.com/doniwirawan",
      "icon": "github"
    },
    {
      "name": "Follow me on Twitter",
      "url": "https://twitter.com/doni_wirawans",
      "icon": "twitter"
    },
    {
      "name": "Follow me on Instagram",
      "url": "https://instagram.com/doni_wirawans",
      "icon": "instagram"
    },
    {
      "name": "My Personal Website",
      "url": "https://www.doniwirawan.studio",
      "icon": "globe"
    }
  ]
}
