{
  "name": "Eddie Jaoude",
  "type": "personal",
  "bio": "Founder of EddieHub",
  "avatar": "https://github.com/eddiejaoude.png",
  "links": [
    {
      "name": "Follow me on GitHub",
      "url": "https://github.com/eddiejaoude",
      "icon": "github"
    },
    {
      "name": "Follow me on Twitter",
      "url": "https://twitter.com/eddiejaoude",
      "icon": "twitter"
    },
    {
      "name": "Learn more about Open Source on my YouTube channel",
      "url": "https://youtube.com/eddiejaoude",
      "icon": "youtube"
    },
    {
      "name": "Follow me on LinkedIn",
      "url": "https://linkedin.com/in/eddiejaoude",
      "icon": "linkedin"
    }
  ],
  "milestones": [
    {
      "title": "Started Freelancing",
      "date": "May 2010",
      "icon": "dollar",
      "color": "grey",
      "description": "Started freelancing again",
      "url": "https://www.eddiejaoude.io/"
    },
    {
      "title": "Started YouTube",
      "image": "https://github.com/eddiejaoude.png",
      "date": "June 2019",
      "icon": "youtube",
      "color": "red",
      "description": "First real video",
      "url": "https://youtube.com/eddiejaoude"
    },
    {
      "title": "GitHub Star",
      "date": "2020",
      "icon": "github",
      "color": "green",
      "description": "Became a GitHub Star with 30 other people",
      "url": "https://github.com/eddiejaoude"
    },
    {
      "title": "GitHub Star of the Year",
      "date": "2020",
      "icon": "github",
      "color": "green",
      "description": "Won GitHub Star of the Year out of 55+ million people",
      "url": "https://github.com/eddiejaoude"
    },
    {
      "title": "GitHub Nova, Community Growth Award",
      "date": "2021",
      "icon": "github",
      "color": "green",
      "description": "Won for growing the EddieHub Community to over 30k members.",
      "url": "https://github.com/eddiejaoude"
    }
  ]
}
