{
  "name": "EddieHubCommunity",
  "type": "community",
  "bio": "Community of inclusive Open Source people - Collaboration 1st, Code 2nd!",
  "avatar": "https://github.com/EddieHubCommunity.png",
  "links": [
    { "name": "Visit Website", "url": "http://eddiehub.org", "icon": "globe" },
    {
      "name": "Visit GitHub Organisation",
      "url": "https://github.com/EddieHubCommunity",
      "icon": "github"
    },
    {
      "name": "Join our Discord Community",
      "url": "http://discord.eddiehub.org",
      "icon": "discord"
    },
    {
      "name": "Follow us on Twitter",
      "url": "https://twitter.com/eddiejaoude",
      "icon": "twitter"
    },
    {
      "name": "Learn more about Open Source",
      "url": "https://youtube.com/eddiejaoude",
      "icon": "youtube"
    },
    {
      "name": "LinkedIn Organisation",
      "url": "https://www.linkedin.com/company/eddiehub",
      "icon": "linkedin"
    }
  ],
  "milestones": []
}
