{
  "name": "Eddie and Sara Explore",
  "type": "personal",
  "bio": "Digital Nomads living in the present for the stories we will tell in the future",
  "avatar": "https://user-images.githubusercontent.com/624760/146711385-4aabecfb-fe1e-4d12-8b20-008b4c6a085b.jpg",
  "links": [
    {
      "name": "Follow us on Instagram",
      "url": "https://www.instagram.com/eddieandsaraexplore/",
      "icon": "instagram"
    },
    {
      "name": "Follow us on YouTube",
      "url": "https://www.youtube.com/channel/UCS0qh4kCd5sReJuN5BhaFdA",
      "icon": "youtube"
    },
    {
      "name": "Website",
      "url": "https://www.eddieandsaraexplore.com",
      "icon": "website"
    }
  ],
  "milestones": []
}
