{
  "name": "Md. Fahim Bin Amin",
  "type": "personal",
  "bio": "Microsoft Research Investigation || Contributor to OSS || Competitive Programmer || Tech-enthusiasts || Student of Computer Science and Engineering at United International University",
  "avatar": "https://github.com/FahimFBA.png",
  "links": [
    {
      "name": "Follow me on GitHub",
      "url": "https://github.com/FahimFBA",
      "icon": "github"
    },
    {
      "name": "Follow me on Twitter",
      "url": "https://twitter.com/Fahim_FBA",
      "icon": "twitter"
    }
  ]
}
