{
  "name": "Fayas Noushad",
  "type": "personal",
  "bio": "Member of EddieHub",
  "avatar": "https://github.com/FayasNoushad.png",
  "links": [
    {
      "name": "Follow me on GitHub",
      "url": "https://github.com/FayasNoushad",
      "icon": "github"
    },
    {
      "name": "Follow me on Twitter",
      "url": "https://twitter.com/FayasNoushad",
      "icon": "twitter"
    },
    {
      "name": "Subscribe my YouTube channel",
      "url": "https://youtube.com/channel/UCqC-Yzy8J9FuTH_lDRhBMCA",
      "icon": "youtube"
    },
    {
      "name": "Follow me on LinkedIn",
      "url": "https://linkedin.com/in/fayasnoushad",
      "icon": "linkedin"
    },
    {
      "name": "Join my Telegram Channel",
      "url": "https://telegram.me/FayasNoushad",
      "icon": "telegram"
    },
    {
      "name": "Follow my Facebook page",
      "url": "https://facebook.com/TheFayas",
      "icon": "facebook"
    }
  ]
}
