{
  "name": "Felipe Ossandon",
  "type": "personal",
  "bio": "Frontend Developer from 🇨🇱",
  "avatar": "https://github.com/felipetodev.png",
  "links": [
    {
      "name": "Follow me on GitHub",
      "url": "https://github.com/felipetodev",
      "icon": "github"
    },
    {
      "name": "Follow me on Twitter",
      "url": "https://twitter.com/fe_ossandon",
      "icon": "twitter"
    },
    {
      "name": "Follow me on LinkedIn",
      "url": "https://linkedin.com/in/felipeossandon",
      "icon": "linkedin"
    }
  ]
}
