{
  "name": "Franklin Ohaegbulam",
  "type": "personal",
  "bio": "Frontend/UI Engineer & Visual Designer",
  "avatar": "https://github.com/frankiefab100.png",
  "links": [
    {
      "name": "Follow me on GitHub",
      "url": "https://github.com/frankiefab100",
      "icon": "github"
    },
    {
      "name": "Follow me on Twitter",
      "url": "https://twitter.com/frankiefab100",
      "icon": "twitter"
    },
    {
      "name": "My Personal Blog Website",
      "url": "https://frankiefab.hashnode.dev",
      "icon": "globe"
    }
  ]
}
