{
  "name": "Gaurav Pandey",
  "type": "personal",
  "bio": "14 y/o, Python 🐍 Fellow, Machine Learning, Front-End Development, Web (3), Maths, AI + Research.",
  "avatar": "https://github.com/gaurtvin.png",
  "links": [
    {
      "name": "Follow me on GitHub",
      "url": "https://github.com/gaurtvin",
      "icon": "github"
    },
    {
      "name": "Follow me on Twitter",
      "url": "https://twitter.com/gaurtvin",
      "icon": "twitter"
    },
    {
      "name": "Connect with me on LinkedIn",
      "url": "https://linkedin.com/in/gaurtvin",
      "icon": "linkedin"
    }
  ]
}
