{
  "name": "Harkirat Singh",
  "type": "personal",
  "bio": "2nd Year Student at Chitkara University, a full-stack web developer, open source & Cloud Native Tools Enthusiast, Currently Learning Kubernetes, involved in various communities",
  "avatar": "https://github.com/harkiratsm.png",
  "links": [
    {
      "name": "Follow me on GitHub",
      "url": "https://github.com/harkiratsm",
      "icon": "github"
    },
    {
      "name": "Follow me on Twitter",
      "url": "https://twitter.com/harkiratsm",
      "icon": "twitter"
    }
  ]
}
