{
  "name": "Harshavardhan Patekar",
  "type": "personal",
  "bio": "Pre-final year Student at Vellore Institute Of technology Bhopal",
  "avatar": "https://github.com/MaxHarsh.png",
  "links": [
    {
      "name": "Follow me on GitHub",
      "url": "https://github.com/MaxHarsh",
      "icon": "github"
    },
    {
      "name": "Follow me on Twitter",
      "url": "https://twitter.com/HappyVersion_17",
      "icon": "twitter"
    }
  ],
  "milestones": [
    {
      "title": "Web Devlopment",
      "date": "August 2021",
      "color": "grey",
      "description": "Started Learning Web Devlopment"
    }
  ]
}
