{
  "name": "Harsh Singh",
  "bio": "I am an aspiring full stack developer. I am proficient with JavaScript and looking forward to doing open source contributions frequently!",
  "avatar": "https://github.com/harshsinghatz.png",
  "links": [
    {
      "name": "Follow me on GitHub",
      "url": "https://github.com/harshsinghatz",
      "icon": "github"
    },
    {
      "name": "Follow me on Twitter",
      "url": "https://twitter.com/HarshSinghAtZ",
      "icon": "twitter"
    },
    {
      "name": "Follow me on Instagram",
      "url": "https://www.instagram.com/harshatz/",
      "icon": "instagram"
    }
  ]
}
