{
  "name": "Harsh Mathur",
  "type": "personal",
  "bio": "Hi, my pronouns are he/him. I am a 3rd-year Computer Science Student. I am relatively new to Open Source but I am trying to make valuable contributions to projects! :)",
  "avatar": "https://github.com/harshmathurx.png",
  "links": [
    {
      "name": "Follow me on GitHub",
      "url": "https://github.com/harshmathurx",
      "icon": "github"
    },
    {
      "name": "Follow me on Twitter",
      "url": "https://twitter.com/harshmathurx",
      "icon": "twitter"
    },
    {
      "name": "Visit my Website",
      "url": "https://harshmathurx.github.io/website/",
      "icon": "globe"
    }
  ]
}
