{
  "name": "Lakshay Tyagi",
  "type": "personal",
  "bio": "Open Source Enthusiast!",
  "avatar": "https://github.com/imlakshay08.png",
  "links": [
    {
      "name": "Follow me on GitHub",
      "url": "https://github.com/imlakshay08",
      "icon": "github"
    },
    {
      "name": "Follow me on Twitter",
      "url": "https://twitter.com/imLakshay08",
      "icon": "twitter"
    }
  ],
  "milestones": [
    {
      "title": "Started Web - Development",
      "date": "December 2021",
      "icon": "dollar",
      "color": "grey",
      "description": "Started Full stack Web - Development."
    }
  ]
}
