{
  "name": "Ruben Casas",
  "type": "personal",
  "bio": "The Micro-Frontends Guy",
  "avatar": "https://github.com/infoxicator.png",
  "links": [
    {
      "name": "Follow me on GitHub",
      "url": "https://github.com/infoxicator",
      "icon": "github"
    },
    {
      "name": "Follow me on Twitter",
      "url": "https://twitter.com/infoxicador",
      "icon": "twitter"
    },
    {
      "name": "Learn more about Open Source on my YouTube channel",
      "url": "https://youtube.com/rubencasas",
      "icon": "youtube"
    }
  ]
}
