{
  "name": "Ayush Singhal",
  "type": "personal",
  "bio": "MERN stack developer",
  "avatar": "https://github.com/itself13.png",
  "links": [
    {
      "name": "Follow me on GitHub",
      "url": "https://github.com/itself13",
      "icon": "github"
    },
    {
      "name": "Follow me on Twitter",
      "url": "https://twitter.com/dx_singhal",
      "icon": "twitter"
    },
    {
      "name": "Follow me on Instagram",
      "url": "https://www.instagram.com/ii_am_ayuuu/",
      "icon": "instagram"
    }
  ]
}
