{
  "name": "Jatin Yadav",
  "type": "personal",
  "bio": "I'm Jatin, an engineering student who enjoys building things that live on the internet. I develop exceptional websites and web apps that provide pixel-perfect user interfaces.",
  "avatar": "https://github.com/jatiinyadav.png",
  "links": [
    {
      "name": "Follow me on GitHub",
      "url": "https://github.com/jatiinyadav",
      "icon": "github"
    },
    {
      "name": "Follow me on Twitter",
      "url": "https://twitter.com/jatiin_yadav",
      "icon": "twitter"
    }
  ]
}
