{
  "name": "johnbabu",
  "type": "personal",
  "bio": "open source enthusiast",
  "avatar": "https://github.com/johnbabu021.png",
  "links": [
    {
      "name": "Follow me on GitHub",
      "url": "https://github.com/johnbabu021",
      "icon": "github"
    },
    {
      "name": "Follow me on Twitter",
      "url": "https://twitter.com/john86208561",
      "icon": "twitter"
    }
  ],
  "milestone": [
    {
      "title": "joined gitHub",
      "data": "December 2019",
      "color": "grey",
      "description": "started coding"
    }
  ]
}
