{
  "name": "Kaiwalya Koparkar",
  "type": "personal",
  "bio": "I am Kaiwalya Koparkar, currently pursuing my Diploma majoring in computer science from M. S. Gosavi Polytechnic Institute. I am a tech enthusiast & an open-source advocate. I am always open to collaborating on projects and innovative/disruptive ideas",
  "avatar": "https://github.com/kaiwalyakoparkar.png",
  "links": [
    {
      "name": "Follow me on GitHub",
      "url": "https://github.com/kaiwalyakoparkar",
      "icon": "github"
    },
    {
      "name": "Follow me on Twitter",
      "url": "https://twitter.com/kaiwalya_",
      "icon": "twitter"
    }
  ]
}
