{
  "name": "Kishan Kumar Rai",
  "type": "personal",
  "bio": "Python Enthusiast!",
  "avatar": "https://github.com/kishanrajput23.png",
  "links": [
    {
      "name": "Follow me on GitHub",
      "url": "https://github.com/kishanrajput23",
      "icon": "github"
    },
    {
      "name": "Follow me on Twitter",
      "url": "https://twitter.com/kishan_rajput23",
      "icon": "twitter"
    },
    {
      "name": "Follow me on Instagram",
      "url": "https://instagram.com/kishan_rajput23",
      "icon": "instagram"
    },
    {
      "name": "Connect with me on LinkedIn",
      "url": "https://linkedin.com/in/kishan-kumar-rai-23112000",
      "icon": "linkedin"
    },
    {
      "name": "Checkout my YouTube channel",
      "url": "https://www.youtube.com/channel/UC8acpUOssbWJLYtdRFMxx1A",
      "icon": "youtube"
    },
    {
      "name": "Connect with me on Facebook",
      "url": "https://www.facebook.com/kishan.kumarrai.79",
      "icon": "facebook"
    },
    {
      "name": "Chat with me on Telegram",
      "url": "https://telegram.me/kishan_rajput23",
      "icon": "telegram"
    }
  ]
}
