{
  "name": "Chirag Chhuchha (Kode with Chirag)",
  "type": "personal",
  "bio": "Full Stack Developer",
  "avatar": "https://github.com/kodewithchirag.png",
  "links": [
    {
      "name": "Follow me on GitHub",
      "url": "https://github.com/kodewithchirag",
      "icon": "github"
    },
    {
      "name": "Follow me on Twitter",
      "url": "https://twitter.com/KodeWithChirag",
      "icon": "twitter"
    },
    {
      "name": "Checkout my blog",
      "url": "https://kodewithchirag.com",
      "icon": "book"
    },
    {
      "name": "Help grow my YouTube channel",
      "url": "https://www.youtube.com/channel/UCWwvl3sxesYWBWZt3lDhyVw",
      "icon": "youtube"
    },
    {
      "name": "Let's connect on LinkedIn",
      "url": "https://www.linkedin.com/in/chirag-chhuchha-090b2068/",
      "icon": "linkedin"
    },
    {
      "name": "Checkout my StackOverflow profile",
      "url": "https://stackoverflow.com/users/8034754/chirag-chhuchha",
      "icon": "link"
    }
  ],
  "milestones": [
    {
      "title": "Started Web development career",
      "date": "July 2015",
      "icon": "briefcase",
      "color": "grey",
      "description": "Started as intern and later on hired as full time web developer"
    },
    {
      "title": "Active on Twitter",
      "image": "https://github.com/kodewithchirag.png",
      "date": "August 2021",
      "icon": "twitter",
      "color": "black",
      "description": "First tweet about the web facts",
      "url": "https://twitter.com/KodeWithChirag"
    },
    {
      "title": "First Blog",
      "date": "September 2021",
      "icon": "globe",
      "color": "grey",
      "description": "Created first blog on Hashnode about the Firefox browser extensions",
      "url": "https://kodewithchirag.com"
    }
  ]
}
