{
  "name": "Priyanshu Kumawat",
  "type": "personal",
  "bio": "Web developer | Tech writer | Open Source Enthusiast!",
  "avatar": "https://github.com/kumarsonsoff3.png",
  "links": [
    {
      "name": "Follow me on GitHub",
      "url": "https://github.com/kumarsonsoff3",
      "icon": "github"
    },
    {
      "name": "Read my blogs on Hashnode",
      "url": "https://kumarsonsoff.hashnode.dev/",
      "icon": "hashnode"
    },
    {
      "name": "Follow me on Twitter",
      "url": "https://twitter.com/Kumar_Sons_off",
      "icon": "twitter"
    },
    {
      "name": "Connect with me on LinkedIn",
      "url": "https://www.linkedin.com/in/kumarsonsoff",
      "icon": "linkedin"
    }
  ],
  "milestones": [
    {
      "title": "Completed JavaScript Udemy course",
      "date": "December 2021",
      "icon": "globe",
      "color": "green",
      "description": "Completed JavaScript Udemy course by Jonas schmedtmann."
    },
    {
      "title": "Started Freelancing",
      "date": "November 2021",
      "icon": "dollar",
      "color": "gold",
      "description": "Step into freelancing."
    },
    {
      "title": "Published my first blog on Hashnode",
      "image": "https://github.com/kumarsonsoff3.png",
      "date": "October 2021",
      "icon": "hashnode",
      "color": "blue",
      "description": "Published my first blog on Hashnode.",
      "url": "https://kumarsonsoff.hashnode.dev/"
    }
  ]
}
