{
  "name": "Lawanu Borthakur",
  "type": "personal",
  "bio": "Web Developer & Open Source Enthusiast!",
  "avatar": "https://github.com/lawanu-tech.png",
  "links": [
    {
      "name": "Follow me on GitHub",
      "url": "https://github.com/lawanu-tech",
      "icon": "github"
    },
    {
      "name": "Connect me on LinkedIn",
      "url": "https://www.linkedin.com/in/lawanu/",
      "icon": "linkedin"
    },
    {
      "name": "Follow me on Instagram",
      "url": "https://www.instagram.com/lawanu.tech/",
      "icon": "instagram"
    },
    {
      "name": "Lawanu Tech - My YouTube Channel",
      "url": "https://www.youtube.com/channel/UCF2XdcEnw_zLA2YZnm8G8nA",
      "icon": "youtube"
    }
  ]
}
