{
  "name": "Lloyd Lobo",
  "type": "personal",
  "bio": "Open Source Enthusiast!",
  "avatar": "https://github.com/lloydlobo.png",
  "links": [
    {
      "name": "Follow me on GitHub",
      "url": "https://github.com/lloydlobo",
      "icon": "github"
    },
    {
      "name": "Follow me on Twitter",
      "url": "https://twitter.com/thelloydlobo",
      "icon": "twitter"
    }
  ],
  "milestones": [
    {
      "title": "Started learning full stack web development",
      "date": "Januasry 2022",
      "icon": "book",
      "color": "#e3b261",
      "description": "Learning with The Odin Project community"
    }
  ]
}
