{
  "name": "Lovakush",
  "type": "personal",
  "bio": "Open Source Enthusiast!",
  "avatar": "https://github.com/Lovakush.png",
  "links": [
    {
      "name": "Follow me on GitHub",
      "url": "https://github.com/Lovakush",
      "icon": "github"
    },
    {
      "name": "Follow me on Twitter",
      "url": "https://twitter.com/Lovekus16018977",
      "icon": "twitter"
    },
    {
      "name": "Follow me on LinkedIn",
      "url": "https://www.linkedin.com/in/lova-kush-4a568b1b6/",
      "icon": "linkedin"
    },
    {
      "name": "Follow me on Instagram",
      "url": "https://www.instagram.com/lovakush_thakur/",
      "icon": "instagram"
    }
  ]
}
