{
  "name": "Mansi Binjola",
  "type": "personal",
  "bio": "Open Source Enthusiast!",
  "avatar": "https://github.com/Mansi-Binjola.png",
  "links": [
    {
      "name": "Follow me on GitHub",
      "url": "https://github.com/Mansi-Binjola",
      "icon": "github"
    },
    {
      "name": "Follow me on Twitter",
      "url": "https://twitter.com/mansi_binjola",
      "icon": "twitter"
    },
    {
      "name": "Follow me on LinkedIn",
      "url": "https://linkedin.com/in/mansi-binjola",
      "icon": "linkedin"
    }
  ]
}
