{
  "name": "Merouane Zouaid",
  "type": "personal",
  "bio": "Hello, I am Merouane Zouaid, a sophomore majoring in Computer Engineering at the Higher School of Technology in Agadir, Morocco. Very passionate about Software Engineering, Web Development, Artificial Intelligence, and Obsessed with Open Source :)",
  "avatar": "https://github.com/merouanezouaid.png",
  "links": [
    {
      "name": "Follow me on GitHub",
      "url": "https://github.com/meroaunezouaid",
      "icon": "github"
    },
    {
      "name": "Follow me on Twitter",
      "url": "https://twitter.com/marwanzouaid1",
      "icon": "twitter"
    },
    {
      "name": "Contact me via E-Mail",
      "url": "mailto:marwanzouaid@gmail.com",
      "icon": "envelope"
    }
  ]
}
