{
  "name": "Minecodes",
  "type": "personal",
  "bio": "Hobby coder that builds apps for Discord, Markdown, GitHub, Linux, Windows, Guilded and Minecraft",
  "avatar": "https://github.com/Minecodes.png",
  "links": [
    {
      "name": "Visit my YouTube Channel",
      "url": "https://youtube.com/Minecodes",
      "icon": "youtube"
    },
    {
      "name": "Visit my website",
      "url": "https://minecodes.de",
      "icon": "globe"
    },
    {
      "name": "Read my Blog",
      "url": "https://dev.to/minecodes",
      "icon": "book"
    },
    {
      "name": "Contact me via mail",
      "url": "mailto:minecodes13@gmail.com",
      "icon": "envelope"
    },
    {
      "name": "Visit me on GitHub",
      "url": "https://github.com/Minecodes",
      "icon": "github"
    },
    {
      "name": "Join my Discord Community",
      "url": "https://discord.minecodes.de",
      "icon": "discord"
    },
    {
      "name": "Follow me on Twitter",
      "url": "https://twitter.com/Minecodes1",
      "icon": "twitter"
    }
  ],
  "milestones": [
    {
      "title": "Started YouTube",
      "image": "https://github.com/Minecodes.png",
      "date": "April 2021",
      "icon": "youtube",
      "color": "red",
      "description": "First video",
      "url": "https://youtu.be/RpjnTpVx6tg"
    },
    {
      "title": "First GitHub project",
      "image": "https://raw.githubusercontent.com/Minecodes/randomfox/master/assets/randomfox.png",
      "date": "January 2021",
      "icon": "github",
      "color": "orange",
      "description": "Created randomfox",
      "url": "https://github.com/Minecodes/randomfox"
    },
    {
      "title": "41 subs on YouTube",
      "image": "https://i9.ytimg.com/vi_webp/TEH1sveCv2g/mqdefault.webp?v=60ed1d46&sqp=CLzFk40G&rs=AOn4CLBufwFB5eIyC8s5KxLdYPZD_pgq5g",
      "date": "July 2021",
      "icon": "youtube",
      "color": "red",
      "description": "I got 41 subscribers there and not a week later 45 subs",
      "url": "https://youtu.be/TEH1sveCv2g"
    },
    {
      "title": "First contribution on GitHub",
      "image": "https://github.com/scorder96.png",
      "date": "October 2021",
      "icon": "github",
      "color": "orange",
      "description": "The user committed at this day a better looking html example for my repo randomfox",
      "url": "https://github.com/Minecodes/randomfox/commit/8a9bb5dc2a7723888498c3288b8b595fec0e0ca9"
    }
  ]
}
