{
  "name": "Motasim",
  "type": "personal",
  "bio": "CS Engg. Undergraduate | Open-Source Enthusiast | Passionate Problem Solver",
  "avatar": "https://github.com/motasimmakki.png",
  "links": [
    {
      "name": "Follow me on GitHub",
      "url": "https://github.com/motasimmakki",
      "icon": "github"
    },
    {
      "name": "Connect with me on LinkedIn",
      "url": "https://www.linkedin.com/in/motasim-010b0a135/",
      "icon": "linkedin"
    },
    {
      "name": "Follow me on Twitter",
      "url": "https://twitter.com/_motasim_",
      "icon": "twitter"
    }
  ]
}
