{
  "name": "Muhammed Rahif",
  "type": "personal",
  "bio": "MERN Stack Developer",
  "avatar": "https://github.com/Muhammed-Rahif.png",
  "links": [
    {
      "name": "Follow me on GitHub",
      "url": "https://github.com/Muhammed-Rahif",
      "icon": "github"
    },
    {
      "name": "Follow me on Twitter",
      "url": "https://twitter.com/Muhammed_Rahif",
      "icon": "twitter"
    },
    {
      "name": "Follow me on DEV.TO",
      "url": "https://dev.to/muhammed_rahif",
      "icon": "link"
    }
  ]
}
