{
  "name": "Goutam Nath",
  "type": "personal",
  "bio": "Web & Game developer",
  "avatar": "https://github.com/nathgoutam93.png",
  "links": [
    {
      "name": "Follow me on GitHub",
      "url": "https://github.com/nathgoutam93",
      "icon": "github"
    },
    {
      "name": "Follow me on Twitter",
      "url": "https://twitter.com/nathgoutam93",
      "icon": "twitter"
    },
    {
      "name": "Check out my portfolio",
      "url": "https://nathgoutam93.github.io/Portfolio/",
      "icon": "link"
    }
  ],
  "milestones": [
    {
      "title": "Started Game Development",
      "date": "August 2020",
      "color": "orange",
      "description": "Learned Unreal engine 4 and blender 3D"
    },
    {
      "title": "Started Web Development",
      "date": "October 2021",
      "icon": "globe",
      "color": "blue",
      "description": "Got to learn about Web dev tools like HTML, CSS, Js, node and now playing with Js/CSS frameworks"
    },
    {
      "title": "Started Open Source Contribution",
      "date": "December 2021",
      "icon": "github",
      "color": "green",
      "description": "Started contributing to Open Source projects"
    }
  ]
}
