{
  "name": "nhcarrigan",
  "type": "personal",
  "bio": "Founder of BeccaLyria bot",
  "avatar": "https://github.com/nhcarrigan.png",
  "links": [
    {
      "name": "Follow me on GitHub",
      "url": "https://github.com/nhcarrigan",
      "icon": "github"
    },
    {
      "name": "Follow me on Twitter",
      "url": "https://twitter.com/nhcarrigan",
      "icon": "twitter"
    },
    {
      "name": "Join my Discord Community",
      "url": "https://chat.nhcarrigan.com",
      "icon": "discord"
    },
    {
      "name": "Support my work!",
      "url": "https://paypal.me/nhcarrigan",
      "icon": "paypal"
    },
    {
      "name": "Connect with me on LinkedIn",
      "url": "https://linkedin.com/in/nhcarrigan",
      "icon": "linkedin"
    }
  ],
  "milestones": [
    {
      "title": "Started development on Rosalia",
      "date": "September 2021",
      "icon": "discord",
      "color": "#90ee90",
      "description": "Began development on the beta version of Rosalia Nightsong, a new Discord bot.",
      "url": "https://rosalianightsong.com/discord-documentation"
    },
    {
      "title": "Began working at freeCodeCamp",
      "date": "October 2020",
      "icon": "code",
      "color": "#0a0a23",
      "description": "Began working as a developer for freeCodeCamp, a non-profit organisation that provides free curricula and content for people learning to code.",
      "url": "https://freecodecamp.org"
    },
    {
      "title": "Started development on Becca",
      "date": "May 2020",
      "icon": "discord",
      "color": "#3a3240",
      "description": "Began development on Becca Lyria, a community management and moderation bot for Discord.",
      "url": "https://www.beccalyria.com/discord-documentation"
    },
    {
      "title": "Learning to Code!",
      "date": "April 2020",
      "icon": "github",
      "color": "blue",
      "description": "Started learning to code with the freeCodeCamp curriculum!",
      "url": "https://www.nhcarrigan.com"
    }
  ]
}
