{
  "name": "Rama Ochieng",
  "type": "personal",
  "bio": "Designer and Frontend Developer (Ramadevsign) | Co-Organizer #reactdevske | Opensource Maintainer and Contributor",
  "avatar": "https://github.com/orama254.png",
  "links": [
    {
      "name": "Follow me on GitHub",
      "url": "https://github.com/orama254",
      "icon": "github"
    },
    {
      "name": "Follow me on Twitter",
      "url": "https://twitter.com/ramaspeaksdev",
      "icon": "twitter"
    },
    {
      "name": "Check out my Website",
      "url": "https://ramadevsign.com",
      "icon": "globe"
    }
  ]
}
