{
  "name": "Peter Ime",
  "type": "personal",
  "bio": "Hi there! I'm a frontend developer with deeper passion to build for Open Source the new sauce!",
  "avatar": "https://github.com/PeroHub.png",
  "links": [
    {
      "name": "Follow me on GitHub",
      "url": "https://github.com/PeroHub",
      "icon": "github"
    },
    {
      "name": "Follow me on Twitter",
      "url": "https://twitter.com/Wuzpa",
      "icon": "twitter"
    }
  ],
  "milestones": [
    {
      "title": "Started Data Structures & Algorithms",
      "date": "January 2022",
      "icon": "freecodecamp",
      "color": "red",
      "description": "Slowly getting better at solving algorithm problems"
    },
    {
      "title": "Started Open Source",
      "date": "January 2022",
      "icon": "github",
      "color": "green",
      "description": "Started Contibuting To Beginner friendly Issues"
    },
    {
      "title": "Block-Chain Development",
      "date": "January 2022",
      "icon": "globe",
      "color": "orange",
      "description": "Working on the ethereum block-chain with solidity programming language"
    }
  ]
}
