{
  "name": "Pradumna Saraf",
  "type": "personal",
  "bio": "Tech Enthusiast",
  "avatar": "https://github.com/Pradumnasaraf.png",
  "links": [
    {
      "name": "Follow me on GitHub",
      "url": "https://github.com/Pradumnasaraf",
      "icon": "github"
    },
    {
      "name": "Conenct with me on LinkedIn",
      "url": "https://www.linkedin.com/in/pradumnasaraf",
      "icon": "linkedin"
    },
    {
      "name": "Check out my website",
      "url": "https://pradumnasaraf.me",
      "icon": "globe"
    }
  ]
}
