{
  "name": "Pradyumna Gayake",
  "type": "personal",
  "bio": "Web Developer 💻 | Passionate about coding",
  "avatar": "https://github.com/prgayake.png",
  "links": [
    {
      "name": "Follow me on GitHub",
      "url": "https://github.com/prgayake",
      "icon": "github"
    },
    {
      "name": "Follow me on Twitter",
      "url": "https://mobile.twitter.com/pradyumna__g",
      "icon": "twitter"
    }
  ],
  "milestones": [
    {
      "title": "Runner up at Microsoft Azure Developer League 2021",
      "date": "Aug 2021",
      "icon": "microsoft",
      "color": "blue",
      "description": "Runner up at Microsoft Azure Developer League 🏆🎖",
      "url": "https://www.hackerearth.com/challenges/hackathon/azure-developer-league-hackathon/"
    }
  ]
}
