{
  "name": "Anirudh Anup",
  "type": "personal",
  "bio": "A passionate 13-year-old developer from India. I am always open to collaborating on projects",
  "avatar": "https://github.com/qwe123coder.png",
  "links": [
    {
      "name": "Follow me on GitHub",
      "url": "https://github.com/qwe123coder",
      "icon": "github"
    },
    {
      "name": "Follow me on Polywork",
      "url": "https://www.polywork.com/anirudh_anup",
      "icon": "globe"
    },
    {
      "name": "Read my Blog",
      "url": "https://dev.to/qwe123coder",
      "icon": "book"
    }
  ]
}
