{
  "name": "Rahul Kumar",
  "type": "personal",
  "bio": "Web developer | Love working with CSS, JavaScript, and Flask",
  "avatar": "https://github.com/Rahulbaran.png",
  "links": [
    {
      "name": "Checkout my GitHub Repositories",
      "url": "https://github.com/Rahulbaran",
      "icon": "github"
    },
    {
      "name": "Follow me on Twitter",
      "url": "https://twitter.com/Rahul9422dev",
      "icon": "twitter"
    },
    {
      "name": "Connect with me on LinkedIn",
      "url": "https://www.linkedin.com/in/Rahulbaran",
      "icon": "linkedin"
    }
  ]
}
