{
  "name": "Ratheshan Sathiyamoorthy",
  "type": "personal",
  "bio": "BSc (Hons) Computer Science Undergraduate | Full-Stack Software developer | Open Source Enthusiast",
  "avatar": "https://github.com/Ratheshan03.png",
  "links": [
    {
      "name": "Follow me on GitHub",
      "url": "https://github.com/Ratheshan03",
      "icon": "github"
    },
    {
      "name": "Follow me on LinkedIn",
      "url": "https://www.linkedin.com/in/ratheshan-sathiyamoorthy-3aa2891b9/",
      "icon": "linkedin"
    },
    {
      "name": "Follow me on Twitter",
      "url": "https://twitter.com/Ratheshan_03",
      "icon": "twitter"
    },
    {
      "name": "Follow me on Instagram",
      "url": "https://www.instagram.com/ratheshan_03/",
      "icon": "instagram"
    }
  ],
  "milestones": [
    {
      "title": "Started Freelancing",
      "date": "June 2021",
      "icon": "dollar",
      "color": "grey",
      "description": "Full-Stack Web developement | UI/UX Designing",
      "url": "https://www.fiverr.com/ratheshan03?up_rollout=true"
    }
  ]
}
