{
  "name": "Ravi Kanth Gojur",
  "type": "personal",
  "bio": "Learner",
  "avatar": "https://github.com/ravireddy07.png",
  "links": [
    {
      "name": "Follow on Twitter",
      "url": "https://twitter.com/ravi_reddy_07",
      "icon": "twitter"
    },
    {
      "name": "Follow on GitHub",
      "url": "https://github.com/ravireddy07",
      "icon": "github"
    },
    {
      "name": "Let's Connect on LinkedIn",
      "url": "https://linkedin.com/in/ravireddy07",
      "icon": "linkedin"
    }
  ],
  "milestones": [
    {
      "title": "Started Freelancing",
      "date": "Jan 2020",
      "icon": "dollar",
      "color": "grey",
      "description": "Started freelancing",
      "url": "https://github.com/ravireddy07/"
    },
    {
      "title": "Full Time Role",
      "date": "Jan 2021",
      "icon": "briefcase",
      "color": "grey",
      "description": "Started Full Time Role",
      "target": "https://github.com/ravireddy07"
    },
    {
      "title": "Udacity Scholarships",
      "date": "Jan 2018",
      "icon": "shield",
      "color": "grey",
      "description": "Achieved Multiple Scholarships",
      "target": "https://github.com/ravireddy07"
    }
  ]
}
