{
  "name": "Rowland Adimoha",
  "bio": "Software developer | Open Sourcerer",
  "avatar": "https://github.com/rowjay007.png",
  "links": [
    {
      "name": "Follow me on GitHub",
      "url": "https://github.com/rowjay007",
      "icon": "github"
    },
    {
      "name": "Connect with me on LinkedIn",
      "url": "https://www.linkedin.com/in/rowlandadimoha/",
      "icon": "linkedin"
    },
    {
      "name": "Follow me on Twitter",
      "url": "https://twitter.com/rowlives",
      "icon": "twitter"
    }
  ]
}
