{
  "name": "Rafal Tynski",
  "type": "personal",
  "bio": "C# Developer, Full-stack Developer, Vue",
  "avatar": "https://github.com/rtynski.png",
  "links": [
    {
      "name": "Follow me on GitHub",
      "url": "https://github.com/rtynski",
      "icon": "github"
    },
    {
      "name": "Follow me on LinkedIn",
      "url": "https://www.linkedin.com/in/rafaltynski/",
      "icon": "linkedin"
    },
    {
      "name": "Follow me on Twitter",
      "url": "https://twitter.com/rtynski",
      "icon": "twitter"
    }
  ]
}
