{
  "name": "Sachin Chaurasiya",
  "type": "personal",
  "bio": "Software Engineer",
  "avatar": "https://github.com/Sachin-chaurasiya.png",
  "links": [
    {
      "name": "Follow me on GitHub",
      "url": "https://github.com/Sachin-chaurasiya",
      "icon": "github"
    },
    {
      "name": "Follow me on Twitter",
      "url": "https://twitter.com/sachindotcom",
      "icon": "twitter"
    },
    {
      "name": "Follow me on LinkedIn",
      "url": "https://www.linkedin.com/in/sachin-chaurasiya",
      "icon": "linkedin"
    },
    {
      "name": "Read my technical content on Hasnode",
      "url": "https://sachinchaurasiya.hashnode.dev/",
      "icon": "hashnode"
    },
    {
      "name": "Read my technical content on dev.to",
      "url": "https://dev.to/sachinchaurasiya",
      "icon": "dev"
    }
  ],
  "milestones": [
    {
      "title": "Started Web Development",
      "date": "March 2019",
      "icon": "globe",
      "color": "purple",
      "description": "Started Web Development (learning HTML, CSS and Javascript...)",
      "url": "https://sachinchaurasiya.netlify.app/"
    },
    {
      "title": "Started Freelancing",
      "date": "Feb 2020",
      "icon": "globe",
      "color": "purple",
      "description": "Started freelancing and build application with wordpress, javascript,react and django",
      "url": "https://sachinchaurasiya.netlify.app/"
    },
    {
      "title": "Got my first job",
      "date": "May 2021",
      "icon": "job",
      "color": "purple",
      "description": "Landed my first job as software engineer",
      "url": "https://sachinchaurasiya.netlify.app/"
    }
  ]
}
