{
  "name": "Mohamed Salman",
  "type": "personal",
  "bio": "Programming Enthusiastic",
  "avatar": "https://github.com/salmantec.png",
  "links": [
    {
      "name": "Follow me on GitHub",
      "url": "https://github.com/salmantec",
      "icon": "github"
    },
    {
      "name": "Follow me on Twitter",
      "url": "https://twitter.com/akjsal",
      "icon": "twitter"
    },
    {
      "name": "Follow me on LinkedIn",
      "url": "https://linkedin.com/in/mohamed-salman-05",
      "icon": "linkedin"
    }
  ]
}
