{
  "name": "Muhammad Sameem",
  "type": "personal",
  "bio": "A JavaScript Dev (MERN Stack + React Native) & Instructor. I am a philanthropist, tech & and open-source lover. My dream is to give Free Education and build a community & platform that revolves around it. I always try to come up with unique and different project ideas that are for community use. Always open to collaboration on projects",
  "avatar": "https://github.com/sameem420.png",
  "links": [
    {
      "name": "Follow me on GitHub",
      "url": "https://github.com/sameem420",
      "icon": "github"
    },
    {
      "name": "Follow me on Twitter",
      "url": "https://twitter.com/devsameem",
      "icon": "twitter"
    },
    {
      "name": "Follow me on LinkedIn",
      "url": "https://www.linkedin.com/in/devsameem/",
      "icon": "linkedin"
    }
  ],
  "milestones": [
    {
      "title": "Started Freelancing",
      "date": "September 2019",
      "icon": "dollar",
      "color": "grey",
      "description": "Started freelancing with C# (.NET)"
    },
    {
      "title": "React Developer",
      "date": "March 2021",
      "icon": "dollar",
      "color": "red",
      "description": "Started working as a React Developer for an US-based StartUP"
    },
    {
      "title": "Started some OS Projects",
      "date": "December 2021",
      "icon": "globe",
      "color": "blue",
      "description": "Building some projects for community use. Currently in progress but soon will launch them and they will be open for contributions!"
    }
  ]
}
