{
  "name": "Sanjay KV",
  "type": "personal",
  "bio": "Founder of Recode Hive",
  "avatar": "https://github.com/sanjay-kv.png",
  "links": [
    {
      "name": "Checkout my repositories on GitHub",
      "url": "https://github.com/sanjay-kv",
      "icon": "github"
    },
    {
      "name": "Follow me on Twitter",
      "url": "https://twitter.com/sanjay_k_v",
      "icon": "twitter"
    },
    {
      "name": "Connect with me on LinkedIn",
      "url": "https://www.linkedin.com/in/sanjay-k-v/",
      "icon": "linkedin"
    },
    {
      "name": "Visit my portfolio",
      "url": "https://sanjaykv.com/",
      "icon": "globe"
    },
    {
      "name": "Get My Ebook 'Crack Data scientist Interview'",
      "url": "learn.recodehive.com/datascience",
      "icon": "linkedin"
    },
    {
      "name": "Learn More about Data Science on my YouTube channel",
      "url": "https://www.youtube.com/channel/UCzyGIdENFVT36Yx4zTws4kw",
      "icon": "youtube"
    }
  ],
  "milestones": [
    {
      "title": "Founder",
      "date": "May 2021",
      "icon": "dollar",
      "color": "grey",
      "description": "Founder of Recode Hive. Platform to make Data Science Easy for everyone.",
      "url": "https://recodehive.com/"
    },
    {
      "title": "Google CS Influencer",
      "date": "2020",
      "icon": "google",
      "color": "green",
      "description": "Became Google Crowdsource Influencer",
      "url": "https://crowdsource.google.com/about/blog/community-spotlight-friendship/"
    },
    {
      "title": "Software Engineer",
      "date": "2018",
      "icon": "google",
      "color": "green",
      "description": "Software Engineer at L&T Infotech",
      "url": "https://crowdsource.google.com/about/blog/community-spotlight-friendship/"
    }
  ]
}
