{
  "name": "Sarah Lean",
  "type": "personal",
  "bio": "Community Evangelist",
  "avatar": "https://github.com/weeyin83.png",
  "links": [
    {
      "name": "Follow me on GitHub",
      "url": "https://github.com/weeyin83",
      "icon": "github"
    },
    {
      "name": "Follow me on Twitter",
      "url": "https://twitter.com/techielsas",
      "icon": "twitter"
    },
    {
      "name": "Learn more about Microsoft Azure on my YouTube channel",
      "url": "https://youtube.com/techielass",
      "icon": "youtube"
    },
    {
      "name": "Follow me on LinkedIn",
      "url": "https://in.linkedin.com/in/sazlean",
      "icon": "linkedin"
    }
  ],
  "milestones": [
    {
      "title": "Started Blogging",
      "date": "March 2015",
      "icon": "link",
      "color": "purple",
      "description": "Started Blogging",
      "url": "https://www.techielass.com/"
    }
  ]
}
