{
  "name": "Sarvesh Limaye",
  "type": "personal",
  "bio": "Open Source Enthusiast!",
  "avatar": "https://github.com/SarveshLimaye.png",
  "links": [
    {
      "name": "Follow me on GitHub",
      "url": "https://github.com/SarveshLimaye",
      "icon": "github"
    },
    {
      "name": "Follow me on Twitter",
      "url": "https://twitter.com/SarveshLimaye05",
      "icon": "twitter"
    },
    {
      "name": "Follow me on LinkedIn",
      "url": "https://www.linkedin.com/in/sarvesh-limaye-7a922620b/",
      "icon": "linkedin"
    }
  ]
}
