{
  "name": "Sauradip Sengupta",
  "type": "personal",
  "bio": "Open Source Enthusiast!",
  "avatar": "https://github.com/sauradip007.png",
  "links": [
    {
      "name": "Follow me on GitHub",
      "url": "https://github.com/sauradip007",
      "icon": "github"
    },
    {
      "name": "Follow me on Twitter",
      "url": "https://twitter.com/imssd7",
      "icon": "twitter"
    },
    {
      "name": "Connect with me on LinkedIn",
      "url": "https://www.linkedin.com/in/sauradip-sengupta-aa1357202/",
      "icon": "linkedin"
    }
  ],
  "milestones": [
    {
      "title": "Started learning javascript",
      "date": "January 2022",
      "icon": "globe",
      "color": "grey",
      "description": "Started learning javascript and web development"
    }
  ]
}
