{
  "name": "Shivansh Yadav",
  "type": "personal",
  "bio": "🦾I Like Computer Science🤖",
  "avatar": "https://github.com/Shivansh-yadav13.png",
  "links": [
    {
      "name": "Follow me on GitHub",
      "url": "https://github.com/Shivansh-yadav13",
      "icon": "github"
    },
    {
      "name": "Follow me on Twitter",
      "url": "https://twitter.com/_shivansh_13",
      "icon": "twitter"
    },
    {
      "name": "Checkout my Blogs",
      "url": "https://medium.com/@shivanshyadav13",
      "icon": "medium"
    }
  ]
}
