{
  "name": "Shlok Mohanty",
  "type": "personal",
  "bio": "Member of EddieHub, Machine Learning, Data Science, and Full-stack Developer enthusiast",
  "avatar": "https://github.com/ShlokMohanty.png",
  "links": [
    {
      "name": "Follow me on GitHub",
      "url": "https://github.com/ShlokMohanty",
      "icon": "github"
    },
    {
      "name": "Follow me on Twitter",
      "url": "https://twitter.com/mohanty_shlok",
      "icon": "twitter"
    },
    {
      "name": "Follow me on Facebook",
      "url": "https://www.facebook.com/shlok.mohanty.35",
      "icon": "facebook"
    }
  ]
}
