{
  "name": "Prajjwal Mathur",
  "type": "personal",
  "bio": "Hey everyone👋🏽, this is Prajjwal aka SlowFlash, interested in new tech, learning tech(DSA and Open-Source).",
  "avatar": "https://github.com/SlowFlash22.png",
  "links": [
    {
      "name": "Follow me on GitHub",
      "url": "https://github.com/SlowFlash22",
      "icon": "github"
    },
    {
      "name": "Follow me on Twitter",
      "url": "https://twitter.com/_slowflash_",
      "icon": "twitter"
    },
    {
      "name": "Subscribe my gaming channel",
      "url": "https://www.youtube.com/channel/UClwrSGAIGYKg8vzwIuofSUw",
      "icon": "youtube"
    },
    {
      "name": "Follow me on LinkedIn",
      "url": "https://www.linkedin.com/in/slowflash",
      "icon": "linkedin"
    },
    {
      "name": "Read my Medium Articles!",
      "url": "https://slowflash.medium.com/",
      "icon": "medium"
    }
  ],
  "milestones": [
    {
      "title": "Became a Binance Campus BUIDLER!",
      "date": "January 2021",
      "icon": "dollar",
      "color": "grey",
      "description": "Crypto and Blockchain Community builder for my college"
    }
  ]
}
