{
  "name": "Steve Mount",
  "type": "personal",
  "bio": "Interim CTO/Technical Architect",
  "avatar": "https://github.com/stemount.png",
  "links": [
    {
      "name": "Follow me on GitHub",
      "url": "https://github.com/stemount",
      "icon": "github"
    },
    {
      "name": "Follow me on Twitter",
      "url": "https://twitter.com/stemount",
      "icon": "twitter"
    },
    {
      "name": "Check out my very popular youtube channel",
      "url": "https://www.youtube.com/channel/UCodYgXRgMHEQvIX2PWj5XTA",
      "icon": "youtube"
    }
  ]
}
