{
  "name": "Subash",
  "type": "personal",
  "bio": "Passionate Programmer | Full Stack Web Developer",
  "avatar": "https://github.com/subash7038.png",
  "links": [
    {
      "name": "Follow me on GitHub",
      "url": "https://github.com/subash7038",
      "icon": "github"
    },
    {
      "name": "Follow me on Twitter",
      "url": "https://twitter.com/subash__33",
      "icon": "twitter"
    },
    {
      "name": "Follow me on LinkedIn",
      "url": "https://www.linkedin.com/in/subash-c-291160190/",
      "icon": "linkedin"
    },
    {
      "name": "Follow me on Instagram",
      "url": "https://www.instagram.com/___s_u_b_a_s_h___/",
      "icon": "instagram"
    }
  ],
  "milestones": [
    {
      "title": "Finished School",
      "date": "May 2018",
      "icon": "graduation-hat",
      "color": "green",
      "description": "Finished Higher secondary education"
    },
    {
      "title": "Started Programming",
      "date": "June 2020",
      "icon": "book",
      "color": "green",
      "description": "Getting started with programming"
    }
  ]
}
