{
  "name": "Shekhar Ghimire",
  "type": "personal",
  "bio": "Full Stack Developer",
  "avatar": "https://github.com/subhamghimire.png",
  "links": [
    {
      "name": "View my Resume",
      "url": "https://shekharghimire.com.np/resume",
      "icon": "link"
    },
    {
      "name": "Follow me on GitHub",
      "url": "https://github.com/subhamghimire",
      "icon": "github"
    },
    {
      "name": "Follow me on Twitter",
      "url": "https://twitter.com/SubhamGhimire26",
      "icon": "twitter"
    },
    {
      "name": "Follow me on Instagram",
      "url": "https://www.instagram.com/subham.ghimire",
      "icon": "instagram"
    }
  ]
}
