{
  "name": "Subhendu Dash",
  "type": "personal",
  "bio": "Tech Enthusiast | Open Source Supporter | Exploring new things 🚀",
  "avatar": "https://github.com/subhendudash02.png",
  "links": [
    {
      "name": "Follow me on GitHub",
      "url": "https://github.com/subhendudash02",
      "icon": "github"
    },
    {
      "name": "Follow me on Twitter",
      "url": "https://twitter.com/subhendudash02",
      "icon": "twitter"
    }
  ],
  "milestones": [
    {
      "title": "Contributor in GirlScript Winter of Contributing",
      "date": "September 2021",
      "icon": "dollar",
      "color": "grey",
      "description": "Contributing for HTML, CSS, JavaScript and Data Science",
      "url": "https://www.linkedin.com/posts/subhendu21_connections-opensource-education-activity-6830420820205068288-YW5H"
    }
  ]
}
