{
  "name": "Subhadeep Pathak",
  "type": "personal",
  "bio": "Coder | UG Student | YT Conten creator",
  "avatar": "https://github.com/subhodynamics.png",
  "links": [
    {
      "name": "Follow me on GitHub",
      "url": "https://github.com/subhodynamics",
      "icon": "github"
    },
    {
      "name": "Follow me on Twitter",
      "url": "https://twitter.com/subhodynamics",
      "icon": "twitter"
    },
    {
      "name": "Subscribe to my youtube channel",
      "url": "https://youtube.com/subhodynamics",
      "icon": "youtube"
    }
  ]
}
