{
  "name": "Suchitra Giri",
  "type": "personal",
  "bio": "Web Developer",
  "avatar": "https://github.com/suchitragiri.png",
  "links": [
    {
      "name": "Follow me on GitHub",
      "url": "https://github.com/suchitragiri",
      "icon": "github"
    },
    {
      "name": "Follow me on Twitter",
      "url": "https://twitter.com/suchitra_13",
      "icon": "twitter"
    },
    {
      "name": "Connect with me on Linkedin",
      "url": "https://www.linkedin.com/in/suchitra-giri/",
      "icon": "linkedin"
    }
  ]
}
