{
  "name": "Suraj Kumar Agarwal",
  "type": "personal",
  "bio": "Coder | PG Student | YT Content creator | Student of (MCA)NIT Bhopal INDIA",
  "avatar": "https://github.com/suraj-001.png",
  "links": [
    {
      "name": "Follow me on GitHub",
      "url": "https://github.com/suraj-001",
      "icon": "github"
    },
    {
      "name": "Follow me on Twitter",
      "url": "https://twitter.com/AgarwalSurajk",
      "icon": "twitter"
    },
    {
      "name": "Subscribe to my YouTube channel",
      "url": "https://www.youtube.com/channel/UC-jJxlbde8o9U2qrpaPOPJw",
      "icon": "youtube"
    }
  ]
}
