{
  "name": "Shubham Singh",
  "type": "personal",
  "bio": "I am Shubham, currently pursuing my Undergrad in computer science from NIT Arunachal Pradesh. I am always open to collaborating on projects.",
  "avatar": "https://github.com/suubh.png",
  "links": [
    {
      "name": "Follow me on GitHub",
      "url": "https://github.com/suubh",
      "icon": "github"
    },
    {
      "name": "Follow me on Twitter",
      "url": "https://twitter.com/shub______",
      "icon": "twitter"
    }
  ]
}
