{
  "name": "Syed Sohan",
  "type": "personal",
  "bio": "Project Executive - IT | Tech Enthusiast",
  "avatar": "https://github.com/syedsohan.png",
  "links": [
    {
      "name": "Follow me on GitHub",
      "url": "https://github.com/syedsohan",
      "icon": "github"
    },
    {
      "name": "Follow me on Twitter",
      "url": "https://twitter.com/syedsohan27",
      "icon": "twitter"
    },
    {
      "name": "Connect with me on LinkedIn",
      "url": "https://www.linkedin.com/in/syedsohan",
      "icon": "linkedin"
    }
  ]
}
