{
  "name": "The Algorithms",
  "type": "community",
  "bio": "Open Source resource for learning Data Structures & Algorithms and their implementation in any Programming Language 🚀",
  "avatar": "https://github.com/TheAlgorithms.png",
  "links": [
    {
      "name": "Visit our GitHub organization",
      "url": "https://github.com/TheAlgorithms",
      "icon": "github"
    },
    {
      "name": "Follow us on Twitter",
      "url": "https://twitter.com/The_Algorithms",
      "icon": "twitter"
    },
    {
      "name": "Connect with us on LinkedIn",
      "url": "https://in.linkedin.com/company/thealgorithms",
      "icon": "linkedin"
    },
    {
      "name": "Join our Discord community",
      "url": "https://discord.gg/c7MnfGFGa6",
      "icon": "discord"
    },
    {
      "name": "Contact us via mail",
      "url": "mailto:hello@the-algorithms.com",
      "icon": "envelope"
    },
    {
      "name": "Visit our website",
      "url": "https://the-algorithms.com",
      "icon": "globe"
    }
  ]
}
