{
  "name": "Riyaz Ahamad",
  "bio": "UI developer",
  "avatar": "https://github.com/theriyazo.png",
  "links": [
    {
      "name": "Follow me on GitHub",
      "url": "https://github.com/theriyazo",
      "icon": "github"
    },
    {
      "name": "Follow me on Twitter",
      "url": "https://twitter.com/theriyazo",
      "icon": "twitter"
    },
    {
      "name": "Follow me on LinkedIn",
      "url": "https://www.linkedin.com/in/theriyazo/",
      "icon": "linkedin"
    },
    {
      "name": "Vist My Protfolio(beta)",
      "url": "https://www.theriyazo.com",
      "icon": "globe"
    }
  ],
  "milestones": [
    {
      "title": "Personal Portfolio",
      "date": "May 2010",
      "icon": "dollar",
      "color": "grey",
      "description": "Designed and Developed Personal Portfolio. From designing icon, UI/UX to hosting",
      "url": "https://www.theriyazo.com/"
    },
    {
      "title": "Graduated from Computer Science & Engineering",
      "date": "2021"
    }
  ]
}
