{
  "name": "Vaishnav Shyam",
  "type": "personal",
  "bio": "Frontend developer | Open source enthusiast",
  "avatar": "https://github.com/vaishnav-sh.png",
  "links": [
    {
      "name": "Follow me on GitHub",
      "url": "https://github.com/vaishnav-sh",
      "icon": "github"
    },
    {
      "name": "Follow me on Twitter",
      "url": "https://twitter.com/Vaishnav_sh",
      "icon": "twitter"
    },
    {
      "name": "Connect with me on LinkedIn",
      "url": "https://www.linkedin.com/in/vaishnav-sh/",
      "icon": "linkedin"
    }
  ],
  "milestones": [
    {
      "title": "Graduated as a Bachelor in Computer Applications",
      "date": "2021",
      "icon": "Graduation Hat",
      "color": "blue",
      "description": "Graduated as a Bachelor in Computer Applications"
    }
  ]
}
