{
  "name": "VASANTI SUTHAR",
  "type": "personal",
  "bio": "Open Source Enthusiast!",
  "avatar": "https://github.com/vasantisuthar.png",
  "links": [
    {
      "name": "Follow me on GitHub",
      "url": "https://github.com/vasantisuthar",
      "icon": "github"
    },
    {
      "name": "Follow me on Twitter",
      "url": "https://twitter.com/vasanti_suthar",
      "icon": "twitter"
    },
    {
      "name": "Follow me on Showwcase",
      "url": "https://www.showwcase.com/vasanti-suthar",
      "icon": "showwcase"
    },
    {
      "name": "Follow me on LinkedIn",
      "url": "https://www.linkedin.com/in/vasanti-suthar-696b08206/",
      "icon": "linkedin"
    },
    {
      "name": "Follow me on Instagram",
      "url": "https://www.instagram.com/vasanti_suthar/",
      "icon": "instagram"
    }
  ]
}
