{
  "name": "Vedant Kakde",
  "type": "personal",
  "bio": "Open Source and Community Enthusiast",
  "avatar": "https://github.com/vedant-kakde.png",
  "links": [
    {
      "name": "Follow me on GitHub",
      "url": "https://github.com/vedant-kakde",
      "icon": "github"
    },
    {
      "name": "Follow me on Twitter",
      "url": "https://twitter.com/vedantstwt",
      "icon": "twitter"
    },
    {
      "name": "Follow me on LinkedIn",
      "url": "https://linkedin.com/in/vedant-kakde",
      "icon": "linkedin"
    }
  ]
}
