{
  "name": "Vasanth Srivatsa",
  "type": "personal",
  "bio": "Computer geek 👨‍💻 I make videos 📹 on YouTube & tweet 🐦 about JavaScript.",
  "avatar": "https://github.com/vsnthdev.png",
  "links": [
    {
      "name": "Watch my high-quality 📹 technical tutorials",
      "url": "https://youtube.com/vasanthdeveloper",
      "icon": "youtube"
    },
    {
      "name": "Read my well-researched 🧵 threads on Twitter",
      "url": "https://twitter.com/vsnthdev",
      "icon": "twitter"
    },
    {
      "name": "Checkout my 💻 coding projects",
      "url": "https://github.com/vsnthdev",
      "icon": "github"
    },
    {
      "name": "Join my Discord 🤝 community",
      "url": "https://vas.cx/discord",
      "icon": "discord"
    }
  ],
  "milestones": [
    {
      "title": "Started YouTube channel",
      "image": "https://gravatar.com/avatar/14c98aa05a55fb4e11cd4eedd1ecfb86?s=256",
      "date": "February 2017",
      "icon": "youtube",
      "color": "red",
      "description": "First video on \"How To Block Websites Using Hosts File On Any Device\".",
      "url": "https://youtube.com/vasanthdeveloper"
    },
    {
      "title": "Started freelancing",
      "date": "2020",
      "icon": "dollar",
      "color": "grey",
      "description": "Started freelancing via Discord friends.",
      "url": "https://vsnth.dev"
    }
  ]
}
