{
  "name": "Web3 Community",
  "type": "community",
  "bio": "An Open Source Community that focuses on decentralized applications, web 3, and blockchain technologies 🚀",
  "avatar": "https://github.com/web3community.png",
  "links": [
    {
      "name": "Visit Website",
      "url": "https://web3community.github.io",
      "icon": "globe"
    },
    {
      "name": "Read our Blog",
      "url": "https://dev.to/web3community",
      "icon": "book"
    },
    {
      "name": "Contact us via mail",
      "url": "mailto:web3community@gmail.com",
      "icon": "envelope"
    },
    {
      "name": "Visit GitHub Organisation",
      "url": "https://github.com/web3community",
      "icon": "github"
    },
    {
      "name": "Join our Discord Community",
      "url": "https://discord.gg/TSRwqx4K2v",
      "icon": "discord"
    },
    {
      "name": "Follow us on Twitter",
      "url": "https://twitter.com/web3community",
      "icon": "twitter"
    },
    {
      "name": "LinkedIn Organisation",
      "url": "https://www.linkedin.com/company/web3community",
      "icon": "linkedin"
    },
    {
      "name": "Check out our Instagram",
      "url": "https://www.instagram.com/web3community",
      "icon": "instagram"
    }
  ],
  "milestones": []
}
