{
  "name": "Zishan Mohd",
  "type": "personal",
  "bio": "I am Zishan Mohd, currently pursuing my Masters in Computer Application from Panjab University, Chandigarh. I am a newbie to open source. Looking forward to collaborating with awesome people!",
  "avatar": "https://github.com/Zishan-7.png",
  "links": [
    {
      "name": "Follow me on GitHub",
      "url": "https://github.com/Zishan-7",
      "icon": "github"
    },
    {
      "name": "Follow me on Twitter",
      "url": "https://twitter.com/MohdZishan2539",
      "icon": "twitter"
    }
  ]
}
