{
  "validIcons": {
    "android": "#3DDC84",
    "apple": "#000000",
    "book": "#2196F3",
    "codeforces": "#1F8ACB",
    "codewars": "#A52A2A",
    "dev.to": "#000000",
    "discord": "#5865F2",
    "dollar": "#808080",
    "envelope": "#5F6368",
    "facebook": "#1877F2",
    "github": "#171515",
    "globe": "#808080",
    "graduation-hat": "#808080",
    "hackerrank": "#0c0c14",
    "hashnode": "#2962FF",
    "instagram": "#833AB4",
    "link": "#1a1817",
    "linkedin": "#0077b5",
    "medium": "#000000",
    "microsoft": "#5E5E5E",
    "paypal": "#00457C",
    "polywork": "#6776F9",
    "send": "#2AA2DE",
    "slack": "#4A154B",
    "snapchat": "#FFFC00",
    "telegram": "#4995be",
    "tiktok": "#000000",
    "twitch": "#9146FF",
    "twitter": "#00ACEE",
    "vimeo": "#1AB7EA",
    "youtube": "#FF0000"
  }
}
